Material Description,Material Code,Liters/Crate,Pieces/Crate,Liters/Piece,Category
IC BP Afghan Dry Fr. 5 lit. (1x6)  (C.P.DUBAI),EXPORT,30,6,5,5 LTR
IC BP Afghan Dry Fr. 5 lit. (1x6),ICBPADF16,30,6,5,5 LTR
IC BP Afghan Dry Fr. 5 lit. (1x6),ICBPADF16,30,6,5,5 LTR
IC BP  Fruit N Nut 5 lit. (1x6)(AGRIFRESH),EXPORT,30,6,5,5 LTR
IC BP  Shahi Anjir  5 lit. (1x6)  (AGRIFRESH),EXPORT,30,6,5,5 LTR
IC BP Anjir 5 lit. (1x6) ,ICBPANJ09,30,6,5,5 LTR
IC BP Anjir 5 lit. (1x6) ,ICBPANJ09,30,6,5,5 LTR
IC BP American Nut 5Lit (1x6),ICBPAMN52,30,6,5,5 LTR
IC BP American Nut 5Lit (1x6),ICBPAMN52,30,6,5,5 LTR
IC BP American Nut 5Lit (1x6)  ( C.P.DUBAI ),EXPORT,30,6,5,5 LTR
IC BP Black Currant 5 lit. (1x6),ICBPBCU08,30,6,5,5 LTR
IC BP Black Currant 5 lit. (1x6),ICBPBCU08,30,6,5,5 LTR
IC BP Black Currant 5 lit. (1x6) ( WITHOUT  NAME),EXPORT,30,6,5,5 LTR
IC BP Black Currant 5 lit. (1x6) ( C.P.DUBAI ),EXPORT,30,6,5,5 LTR
IC BP Butter Scotch 5 lit. (1x6),ICBPBSC03,30,6,5,5 LTR
IC BP Butter Scotch 5 lit. (1x6),ICBPBSC03,30,6,5,5 LTR
IC BP Butter Scotch 5 lit. (1x6)  ( QATAR ),EXPORT,30,6,5,5 LTR
IC BP Butter Scotch 5 lit. (1x6)  ( C.P.DUBAI ),EXPORT,30,6,5,5 LTR
IC BP Butter Scotch 5 lit. (1x6)  ( WITHOUT PARTY NAME ),EXPORT,30,6,5,5 LTR
IC  BP Raj Bhog 5 lit. (1*6),ICBPRJB11 ,30,6,5,5 LTR
IC  BP Raj Bhog 5 lit. (1*6)  ,ICBPRJB11 ,30,6,5,5 LTR
IC  BP Raj Bhog 5 lit. (1*6)  ( WITHOUT PACKING AND NAME ),EXPORT,30,6,5,5 LTR
IC BP Choco Chips 5 lit. (1x6),ICBPCCH06,30,6,5,5 LTR
IC BP Choco Chips 5 lit. (1x6),ICBPCCH06,30,6,5,5 LTR
IC BP Choco Chips 5 lit. (1x6) ( WITHOUT PARTY NAME ),EXPORT,30,6,5,5 LTR
IC BP cookies 'n' cream 5 lit. (1x6),ICBPCCM42,30,6,5,5 LTR
IC BP cookies 'n' cream 5 lit. (1x6),ICBPCCM42,30,6,5,5 LTR
IC BP cookies 'n' cream 5 lit. (1x6)  (QATARI),EXPORT,30,6,5,5 LTR
IC BP Chocolate Brownie 5 lit. (1x6),ICBPCHB41,30,6,5,5 LTR
IC BP Chocolate Brownie 5 lit. (1x6),ICBPCHB41,30,6,5,5 LTR
IC BP Chocolate Brownie 5 lit. (1x6) ( C.P.DUBAI),EXPORT,30,6,5,5 LTR
IC BP Chocolate 5 lit. (1x6) ( WITHOUT NAME ),EXPORT,30,6,5,5 LTR
IC BP Chocolate 5 lit. (1x6),ICBPCHO02,30,6,5,5 LTR
IC BP Chocolate 5 lit. (1x6),ICBPCHO02,30,6,5,5 LTR
IC BP Chocolate 5 lit. (1x6),ICBPCHO02,30,6,5,5 LTR
IC BP Coffee 5 lit. (1x6) ,ICBPCOF18,30,6,5,5 LTR
IC BP Coffee 5 lit. (1x6) ,ICBPCOF18,30,6,5,5 LTR
IC BP Coffee 5 lit. (1x6) (WITHOUT PACKING  & PARTY NAME),EXPORT,30,6,5,5 LTR
IC BP Fruit Bonanza 5 lit. (1x6),ICBPFBO29,30,6,5,5 LTR
IC BP Fruit Bonanza 5 lit. (1x6),ICBPFBO29,30,6,5,5 LTR
IC BP Fruit Bonanza 5 lit. (1x6),EXPORT,30,6,5,5 LTR
IC BP Green Pista 5 lit. (1x6),ICBPGPI15,30,6,5,5 LTR
IC BP Green Pista 5 lit. (1x6),ICBPGPI15,30,6,5,5 LTR
IC BP Green Pista 5 lit. (1x6) ( QATAR  ),EXPORT,30,6,5,5 LTR
IC BP Green Pista 5 lit. (1x6) (without Packing and name  ),EXPORT,30,6,5,5 LTR
IC BP Kaju Draksh 5 lit. (1x6),ICBPKDR13,30,6,5,5 LTR
IC BP Kaju Draksh 5 lit. (1x6),EXPORT,30,6,5,5 LTR
IC BP Kis Mis Kaju 5 lit. (1x6),ICBPKMK22,30,6,5,5 LTR
IC BP Kis Mis Kaju 5 lit. (1x6),ICBPKMK22,30,6,5,5 LTR
IC BP Kesar Pista 5 lit. (1x6),ICBPKPI07,30,6,5,5 LTR
IC BP Kesar Pista 5 lit. (1x6),ICBPKPI07,30,6,5,5 LTR
IC BP Kesar Pista 5 lit. (1x6),ICBPKPI07,30,6,5,5 LTR
IC BP TENDER COCONUT 5 lit. (1x6),ICBPTCN89,30,6,5,5 LTR
IC BP Mango 5 lit. (1x6)  ,ICBPMAN04,30,6,5,5 LTR
IC BP Mango 5 lit. (1x6)  ,ICBPMAN04,30,6,5,5 LTR
IC BP Mango 5 lit. (1x6),ICBPMAN04,30,6,5,5 LTR
IC BP Mango 5 lit. (1x6) ( WITHOUT PACKING AND NAME),EXPORT,30,6,5,5 LTR
IC BP Mango 5 lit. (1x6) ( MURGAN),EXPORT,30,6,5,5 LTR
IC BP Moroccan Dry Fruit 5 lit. (1x6),ICBPMDF43,30,6,5,5 LTR
IC BP Moroccan Dry Fruit 5 lit. (1x6),ICBPMDF43,30,6,5,5 LTR
IC BP Shahi Pista 5 lit. (1x6),ICBPSPK35,30,6,5,5 LTR
IC BP Shahi Pista 5 lit. (1x6),ICBPSPK35,30,6,5,5 LTR
IC BP Shahi Pista 5 lit. (1x6),EXPORT,30,6,5,5 LTR
IC BP Roasted Almond 5 lit. (1x6),ICBPRAL20,30,6,5,5 LTR
IC BP Roasted Almond 5 lit. (1x6),ICBPRAL20,30,6,5,5 LTR
IC BP Roasted Almond 5 lit. (1x6),EXPORT,30,6,5,5 LTR
IC BP Creamy Almond 5 lit. (1x6),ICBPCAL05,30,6,5,5 LTR
IC BP Creamy Almond 5 lit. (1x6),ICBPCAL06,30,6,5,5 LTR
IC BP Creamy Almond 5 lit. (1x6),EXPORT,30,6,5,5 LTR
IC BP SSCB 5 lit. (1x6),ICBPSSC17,30,6,5,5 LTR
IC BP SSCB 5 lit. (1x6) ,EXPORT,30,6,5,5 LTR
IC BP SSCB 5 lit. (1x6) ( QATAR ),EXPORT,30,6,5,5 LTR
IC BP Strawberry 5 lit. (1x6),ICBPSTR05,30,6,5,5 LTR
IC BP Strawberry 5 lit. (1x6),ICBPSTR05,30,6,5,5 LTR
 IC BP Fresh pineapple 5 lit. (1x6), ICBPFPT84 ,30,6,5,5 LTR
 IC BP Shalimar 5 lit. (1x6),ICBPSHM105,30,6,5,5 LTR
 IC BP Shalimar 5 lit. (1x6),ICBPSHM105,30,6,5,5 LTR
 IC BP Fresh pineapple 5 lit. (1x6),EXPORT,30,6,5,5 LTR
IC BP Pineapple 5 lit. (1x6) (QATAR),EXPORT,30,6,5,5 LTR
IC BP Pineapple 5 lit. (1x6),EXPORT,30,6,5,5 LTR
IC BP Pineapple 5 lit. (1x6) (EXPORT),EXPORT,30,6,5,5 LTR
IC BP Tutti Fruity 5 lit. (1x6),ICBPTFR10,30,6,5,5 LTR
IC BP Tutti Fruity 5 lit. (1x6),ICBPTFR10,30,6,5,5 LTR
IC BP Tutti Fruity 5 lit. (1x6),EXPORT,30,6,5,5 LTR
IC BP Vanilla 5 lit. (1x6),ICBPVAN01,30,6,5,5 LTR
IC BP Vanilla 5 lit. (1x6),ICBPVAN01,30,6,5,5 LTR
IC BP Vanilla 5 lit. (1x6),ICBPVAN01,30,6,5,5 LTR
IC BP Vanilla 5 lit. (1x6) ( WITHOUT NAME ),EXPORT,30,6,5,5 LTR
IC  BP Raj Bhog 5 lit. (1*6)  ,ICBPRJB11 ,30,6,5,5 LTR
IC BP Butter Scotch 4.5 lit.  (without name ),EXPORT,18,4,4.5,4.5 LTR
IC BP Mango 4.5 lit. ,EXPORT,18,4,4.5,4.5 LTR
IC BP Afghan Dry Fr 4.5 lit. (1x4)  ( LOOSE WITHOUT NAME ),EXPORT,18,4,4.5,4.5 LTR
IC  Tub Kaju Draksh 4.5 lit (1x4) ( without name),EXPORT,18,4,4.5,4.5 LTR
IC  Tub Fruit N Nut 4.5 lit (1x4) ( without name),EXPORT,18,4,4.5,4.5 LTR
IC Tub Mango  4.5 lit. (1x4)  (without name ),EXPORT,18,4,4.5,4.5 LTR
IC Tub Kesar Pista 4.5 lit. (1x4)  ( without name),EXPORT,18,4,4.5,4.5 LTR
IC  BP Raj Bhog a 4.5 lit. ( without name),EXPORT,18,4,4.5,4.5 LTR
IC BP Chocolate 4.5 lit.   ( without name),EXPORT,18,4,4.5,4.5 LTR
IC  BP  Vanilla 4.5 lit. (1*4) (OM TRDING,EXPORT,18,4,4.5,4.5 LTR
 Shahista Pista  4.5 lit (WITHOUT PARTY NAME),EXPORT,18,4,4.5,4.5 LTR
IC BP Choco  4.5 lit. (QATAR),EXPORT,18,4,4.5,4.5 LTR
IC BP  Butter Scotch  4.5 lit. (  (NO PARTY NAME),EXPORT,18,4,4.5,4.5 LTR
IC PP Al. Mango 2 lit. (1x15),ICPPAMA55,30,15,2,2 LTR
IC PP Al. Mango 2 lit. (1x15) ,ICPPAMA55,30,15,2,2 LTR
IC PP Butter Scotch 2 lit. (1x15),ICPPBSC57SPL,30,15,2,2 LTR
IC PP Butter Scotch 2 lit. (1x15),ICPPBSC57SPL,30,15,2,2 LTR
ICPP Neapolitan 2 Ltr. (1X15),ICPPNPL85,30,15,2,2 LTR
IC PP Chocolate 2 lit. (1x15),ICPPCHO57,30,15,2,2 LTR
IC PP Chocolate 2 lit. (1x15),ICPPCHO57,30,15,2,2 LTR
IC PP Golden Pearl 2 lit. (1x15),ICPPGPL88,30,15,2,2 LTR
IC PP Fruit n Nut 2 lit. (1x15),ICPPFNF58,30,15,2,2 LTR
IC PP Fruit n Nut 2 lit. (1x15),ICPPFNF58,30,15,2,2 LTR
IC PP 2in1 (Van/Str) 2 Lit.(1x15),ICPPTIO59,30,15,2,2 LTR
IC PP 2in1 (Van/Str) 2 Lit.(1x15),ICPPTIO59,30,15,2,2 LTR
IC PP 2in1 (Van/Str) 2 Lit.(1x15),ICPPTIO59,30,15,2,2 LTR
IC PP Vanilla Royale 2 lit. (1x15) ,ICPPVAN61SPL,30,15,2,2 LTR
IC PP Vanilla Royale 2 lit. (1x15),ICPPVAN61SPL,30,15,2,2 LTR
IC PP Vanilla Royale 2 lit. (1x15),ICPPVAN61SPL,30,15,2,2 LTR
IC PP Butter Scotch 2 lit. (1x6) GOLD,ICPPBSG130,12,6,2,2 LTR GOLD
IC PP Butter Scotch 2 lit. (1x15) GOLD,ICPPBSG130,30,15,2,3 LTR GOLD
IC PP Vanilla Royale 2 lit. (1x6) GOLD ,ICPPVNG129,12,6,2,4 LTR GOLD
IC Cake Magic Neapolitan 1.5 Lit (1*4),ICNVCMN24,12,4,3,1.5 LTR
IC Cake Magic Neapolitan 1.5 Lit (1*4)  (WITHOUT PACKING),ICNVCMN24,12,4,3,1.5 LTR
IC Cake Magic Golden fant. 1.5 Lit (1*4),ICNVCMS25,12,4,3,1.5 LTR
IC Cake Magic Golden fant. 1.5 Lit (1*4),ICNVCMS25,12,4,3,1.5 LTR
IC PP Strawberry 1.25 lit. (1x25),ICPPSTR16,30,25,1.2,1.25LTR
IC PP Strawberry 1.25 lit. (1x25),ICPPSTR16,30,25,1.2,1.25LTR
IC PP Vanilla 1.25 lit. (1x25),ICPPVAN15,30,25,1.2,1.25LTR
IC PP Vanilla 1.25 lit. (1x25),ICPPVAN15,30,25,1.2,1.25LTR
IC PP Butter Scotch 1.25 lit. (1x25),ICPPUBS17,30,25,1.2,1.25LTR
IC PP Butter Scotch 1.25 lit. (1x25),ICPPUBS17,30,25,1.2,1.25LTR
IC PP Choco Chips 1.25 lit. (1x25),ICPPCCH14,30,25,1.2,1.25LTR
IC PP Choco Chips 1.25 lit. (1x25),ICPPCCH14,30,25,1.2,1.25LTR
AMUL IC TUB Sundae Cheese N Chry 1L(3x6),ICSUCCR50,18,18,1,1 LTR
AMUL IC TUB Sundae Cheese N Chry 1L(3x6) ,ICSUCCR50,18,18,1,1 LTR
IC Tub Butter Scotch Bliss 1 lit (3*6) ,ICPPBSC95,18,18,1,1 LTR
IC Tub Butter Scotch Bliss 1 lit (3*6) ,ICPPBSC95,18,18,1,1 LTR
IC PP Butter Scotch Bliss 1 lit(3*6)   ( Qatari Canadian ),EXPORT,18,18,1,1 LTR
IC PP Butter Scotch Bliss 1 lit(3*6)   ( SHRINATH ),EXPORT,18,18,1,1 LTR
IC PP Butter Scotch Bliss 1 lit(3*6)   ,EXPORT,18,18,1,1 LTR
IC PP Butter Scotch Bliss 1 lit(3*6)   ( QATARI) ,EXPORT,18,18,1,1 LTR
IC PP Choco Chips 1 lit (3*6)  ,ICPPCCH98,18,18,1,1 LTR
IC PP Choco Chips 1 lit (3*6)  ,ICPPCCH98,18,18,1,1 LTR
IC PP Choco Chips 1 lit (3*6)  (WITHOUT NAME),EXPORT,18,18,1,1 LTR
IC PP Choco Chips 1 lit (3*6)  ( QATAR ),EXPORT,18,18,1,1 LTR
IC PP Choco Chips 1 lit (3*6)  (SINGAPORE ) WITHOUT PACKING,EXPORT,18,18,1,1 LTR
IC PP Choco Chips 1 lit (3*6)  (CAREEFORE),EXPORT,18,18,1,1 LTR
IC PP Choco Chips 1 lit (3*6)  (LUBUMBASHI),EXPORT,18,18,1,1 LTR
IC PP Shahista Pista kulfi 1 lit (3x6)   ( C.P.DUBAI ),EXPORT,18,18,1,1 LTR
IC PP Shahista Pista kulfi 1 lit (3x6) (WITHOT PARTY NAME),EXPORT,18,18,1,1 LTR
IC PP Shahista Pista kulfi 1 lit (3x6)   (MURUGAN),EXPORT,18,18,1,1 LTR
IC PP Shahista Pista kulfi 1 lit (3x6)  ( MUSTAFA ),EXPORT,18,18,1,1 LTR
IC PP Shahista Pista kulfi 1 lit (1x18) ( AGRIFRESH ),EXPORT,18,18,1,1 LTR
IC TUB Badshahi Badam kulfi 1 ltr (3x 6),ICPPBBK108,18,18,1,1 LTR
IC TUB Tender coconut 1 ltr (3x 6),ICPPTCN119,18,18,1,1 LTR
IC TUB Badshahi Badam kulfi 1 ltr (3x 6) (,EXPORT,18,18,1,1 LTR
IC TUB Badshahi Badam kulfi 1 ltr (3x 6)   ( CP DUBAI ),EXPORT,18,18,1,1 LTR
IC TUB Badshahi Badam kulfi 1 ltr (3x 6)  ( SRI MURUGAN ),EXPORT,18,18,1,1 LTR
IC TUB Badshahi Badam kulfi 1 ltr (3x 6)  ( QATAR ),EXPORT,18,18,1,1 LTR
IC TUB Badshahi Badam kulfi 1 ltr (3x 6)  (C.P.DUBAI),EXPORT,18,18,1,1 LTR
IC PP Caramel Cookies 1 litre (3x6),ICPPCCK105,18,18,1,1 LTR
IC PP Caramel Cookies 1 litre (3x6) ( Qatari Canadian ) ,EXPORT,18,18,1,1 LTR
IC TUB Badshahi Badam kulfi 1 ltr (3x 6)  (WITHOUT NAME),EXPORT,18,18,1,1 LTR
IC PP Caramel Cookies 1 litre (3x6) QATAR),EXPORT,18,18,1,1 LTR
IC PP Caramel Cookies 1 litre (3x6) (MURGAN),EXPORT,18,18,1,1 LTR
IC PP Kaju Draksh 1 litre (3*6) ,EXPORT,18,18,1,1 LTR
IC PP Kaju Draksh 1 litre (3*6) ( AGRIFRESH),EXPORT,18,18,1,1 LTR
IC PP Kaju Draksh 1 litre (3*6)   ( SHRINATH ),EXPORT,18,18,1,1 LTR
IC PP Kaju Draksh 1 litre (3*6)  (  OM TRADING ),EXPORT,18,18,1,1 LTR
IC PP Kaju Draksh 1 litre (3*6)  (  OM TRADING ),EXPORT,18,18,1,1 LTR
IC PP Kaju Draksh 1 litre (3*6) ,ICPPKDR81,18,18,1,1 LTR
IC PP Kesar Pista 1 litre (3*6),ICPPKPR103,18,18,1,1 LTR
IC PP Kesar Pista 1 litre (3*6) (OM TRADING),EXPORT,18,18,1,1 LTR
IC PP Kesar Pista 1 litre (3*6) ( TCSL),EXPORT,18,18,1,1 LTR
IC PP Kesar Pista 1 litre ( ACME ),EXPORT,18,18,1,1 LTR
IC PP Kesar Pista 1 litre (3*6) (MURGAN),EXPORT,18,18,1,1 LTR
IC PP Kesar Pista 1 litre (3*6)   ( MAURITIUS),EXPORT,18,18,1,1 LTR
IC PP Kesar Pista 1 litre (3*6) ( QATAR ),EXPORT,18,18,1,1 LTR
IC Tub Fruit Nut Fantacy 1 lit (3x6) ( BABASONS),EXPORT,18,18,1,1 LTR
IC Tub Fruit Nut Fantacy 1 lit (3x6),ICPPFNF97,18,18,1,1 LTR
IC Tub Fruit Nut Fantacy 1 lit (3x6),ICPPFNF97,18,18,1,1 LTR
IC Tub Fruit Nut Fantacy 1 lit (3x6),ICPPFNF97,18,18,1,1 LTR
IC Tub Fruit Nut Fantacy 1 lit (3x6) ( ACME ),EXPORT,18,18,1,1 LTR
IC Tub Fruit Nut Fantacy 1 lit (3x6) (   ( TCSL ),EXPORT,18,18,1,1 LTR
IC Tub Fruit Nut Fantacy 1 lit (3x6) ( AGRIFRESH ) ,EXPORT,18,18,1,1 LTR
IC Tub Fruit Nut Fantacy 1 lit (3x6) (  ( SHRINATH ),EXPORT,18,18,1,1 LTR
IC Tub Fruit Nut Fantacy 1 lit (3x6) ( MAHI),EXPORT,18,18,1,1 LTR
IC Tub Fruit Nut Fantacy 1 lit (3x6) ( ABS),EXPORT,18,18,1,1 LTR
IC  PP Rajbhog 1 lit (3*6),ICPPRJB101,18,18,1,1 LTR
IC  PP Rajbhog 1 lit (3*6),ICPPRJB101,18,18,1,1 LTR
IC  PP Rajbhog 1 lit (3*6),ICPPRJB101,18,18,1,1 LTR
IC  PP Rajbhog 1 lit (3*6)   (WITHOUT CBX),ICPPRJB101,18,18,1,1 LTR
IC  PP Rajbhog 1 lit (3*6)   ,EXPORT,18,18,1,1 LTR
IC  PP Rajbhog 1 lit (3*6)   (BLUE LIMIT),EXPORT,18,18,1,1 LTR
IC  PP Rajbhog 1 lit (3*6)   (ACM),EXPORT,18,18,1,1 LTR
IC  PP Rajbhog 1 lit (3*6)  (OM TRADING),EXPORT,18,18,1,1 LTR
IC  PP Rajbhog 1 lit (3*6)  ( C P  DUBAI ),EXPORT,18,18,1,1 LTR
IC  PP Rajbhog 1 lit (3*6)   (  (MURUGAN SINGAPORE),EXPORT,18,18,1,1 LTR
IC PP Vanilla Magic 1 lit(3*6),ICPPVAN94,18,18,1,1 LTR
IC PP Vanilla Magic 1 lit(3*6),ICPPVAN94,18,18,1,1 LTR
IC PP Vanilla Magic 1 lit(3*6) ,EXPORT,18,18,1,1 LTR
IC PP Vanilla Magic 1 lit(3*6)    ( SINGAPORE DIST PTE LTD),EXPORT,18,18,1,1 LTR
IC PP Vanilla Magic 1 lit(3*6)   ( Qatari Canadian ),EXPORT,18,18,1,1 LTR
IC PP Vanilla Magic 1 lit(3*6)    ( AGRIFRESH ),EXPORT,18,18,1,1 LTR
IC PP Vanilla Magic 1 lit(3*6)  (WITHOUT PACKING),EXPORT,18,18,1,1 LTR
IC PP Chocolate Brownie 1 lit (3*6),ICPPCHB99,18,18,1,1 LTR
IC PP Chocolate Brownie 1 lit (3*6),ICPPCHB99,18,18,1,1 LTR
IC PP Chocolate Brownie 1 lit (3*6) WITHOUT PACKING,ICPPCHB99,18,18,1,1 LTR
IC PP Chocolate Brownie 1 lit (3*6) ( FRESH MILK) ,EXPORT,18,18,1,1 LTR
IC PP Chocolate Brownie 1 lit (3*6) ( ACME  WITHOUT PACKING),EXPORT,18,18,1,1 LTR
IC PP Chocolate Brownie 1 lit (3*6) (WITHOUT NAME),EXPORT,18,18,1,1 LTR
IC PP Chocolate Brownie 1 lit (3*6) (MAHI),EXPORT,18,18,1,1 LTR
IC PP King Alphonso 1 litre (3*6),ICPPKAM106,18,18,1,1 LTR
IC PP King Alphonso 1 litre (3*6),ICPPKAM106,18,18,1,1 LTR
IC PP King Alphonso 1 litre (3*6),ICPPKAM106,18,18,1,1 LTR
IC PP King Alphonso 1 litre (3*6),ICPPKAM106,18,18,1,1 LTR
IC PP King Alphonso 1 litre (3*6) ,EXPORT,18,18,1,1 LTR
IC PP King Alphonso 1 litre (3*6)  (TCSL ),EXPORT,18,18,1,1 LTR
IC PP King Alphonso 1 litre (3*6)  (BLUE LIMIT),EXPORT,18,18,1,1 LTR
IC PP King Alphonso 1 litre (3*6)  (DBA MAHI),EXPORT,18,18,1,1 LTR
IC D.Sundae  Kesar Badam 1 lit 1 L (3x6),ICSUCKB42,18,18,1,1 LTR
IC D.Sundae  Kesar Badam 1 lit 1 L (3x6),ICSUCKB42,18,18,1,1 LTR
IC D.Sundae  Kesar Badam 1 lit (3*6) ( ETS SAINT KINSHASA ),EXPORT,18,18,1,1 LTR
IC D.Sundae  Kesar Badam 1 lit (3*6)  ( ACME ),EXPORT,18,18,1,1 LTR
IC D.Sundae  Kesar Badam 1 lit (3*6) (MURGAN),EXPORT,18,18,1,1 LTR
IC D.Sundae  Kesar Badam 1 lit (3*6) (BULE LIMIT),EXPORT,18,18,1,1 LTR
TUB CHOCO CRACKLE 1 LTR,ICPPCCR122,18,18,1,1 LTR
TUB CHOCO CRACKLE 1 LTR,ICPPCCR122,18,18,1,1 LTR
IC PP Roasted Almond 1 lit (3x 6),ICPPRAL102,18,18,1,1 LTR
IC PP Roasted Almond 1 lit (3x 6),ICPPRAL102,18,18,1,1 LTR
IC PP Roasted Almond 1 lit (3x 6),ICPPRAL102,18,18,1,1 LTR
IC PP Roasted Almond 1 lit (3X6)  ,EXPORT,18,18,1,1 LTR
IC PP Roasted Almond 1 lit (3X6) (QATAR),EXPORT,18,18,1,1 LTR
IC Tub Moroccan Dry Fruit 1 lit(3*6) ,ICPPMDF100,18,18,1,1 LTR
IC Tub Moroccan Dry Fruit 1 lit(3*6),ICPPMDF100,18,18,1,1 LTR
IC Tub Moroccan Dry Fruit 1 lit(3*6),ICPPMDF100,18,18,1,1 LTR
IC Tub Moroccan Dry Fruit 1 lit(3X6)    ( SRI MURUGAN ,EXPORT,18,18,1,1 LTR
IC Tub Moroccan Dry Fruit 1 lit(3X6)    DUBAI,EXPORT,18,18,1,1 LTR
IC Tub Moroccan Dry Fruit 1 lit(3X6)  (MAHI),EXPORT,18,18,1,1 LTR
IC Tub Moroccan Dry Fruit 1 lit(3X6) ( ( KALON FOODS),EXPORT,18,18,1,1 LTR
IC Tub Moroccan Dry Fruit 1 lit(3X6) (BLUE LTD),EXPORT,18,18,1,1 LTR
IC PP Shahi Anjir 1 Ltr (3*6) (QATAR ),EXPORT,18,18,1,1 LTR
IC PP Shahi Anjir Royal Fig 1 Ltr,ICPPSAN89,18,18,1,1 LTR
IC SU Choco Caramel 1 litre (3*6),ICSUCCM41,18,18,1,1 LTR
IC SU Choco Caramel 1 litre (3*6),ICSUCCM41,18,18,1,1 LTR
IC SU Choco Caramel 1 litre (3*6),ICSUCCM41,18,18,1,1 LTR
IC Sundae Twist (KMM) 1 lit (1x18),ICSUMAN22,18,18,1,1 LTR
IC Sundae Strawberry Magic 1 lit (3X6)  ,EXPORT,18,18,1,1 LTR
IC Sundae Strawberry Magic 1 lit (1x18)  ( QATAR) ,EXPORT,18,18,1,1 LTR
IC Sundae Strawberry Magic 1 lit (1x18)(DUBAI),EXPORT,18,18,1,1 LTR
IC Sundae Strawberry Magic 1 lit (1x18) ( SOCIETE),EXPORT,18,18,1,1 LTR
IC Sundae Strawberry Magic 1 lit (3*6),ICSUVMS40,18,18,1,1 LTR
IC Sundae Strawberry Magic 1 lit (3*6) ,ICSUVMS40,18,18,1,1 LTR
IC Sundae Chocolate Magic 1 lit (3*6) (SHREENATH) ,EXPORT,18,18,1,1 LTR
IC Sundae Chocolate Magic 1 lit (3*6)  ( QATAR),EXPORT,18,18,1,1 LTR
IC Sundae Chocolate Magic 1 lit (3*6)  (international food),EXPORT,18,18,1,1 LTR
IC Sundae Chocolate Magic 1 lit (3*6)  ( MRUGAN ),EXPORT,18,18,1,1 LTR
IC Sundae Chocolate Magic 1 lit (3*6) ,ICSUVMC39,18,18,1,1 LTR
IC Sundae Chocolate Magic 1 lit (3*6) ,ICSUVMC39,18,18,1,1 LTR
IC Tub SU Kesar Pista 1 lit (3*6) (AGRIFRESH),EXPORT,18,18,1,1 LTR
IC Tub Gold Butter Scotch Bliss 1 lit (3*6)  ,ICPPBSG109,18,18,1,1 LTR GOLD
IC Tub Gold Butter Scotch Bliss 1 lit (3*6)  ,ICPPBSG109,18,18,1,1 LTR GOLD
IC Tub Gold Butter Scotch Bliss 1 lit (3*6)  new,ICPPBSG109,18,18,1,1 LTR GOLD
IC PP King Alphonso 1 litre (3*6) (GOLD),ICPPKAG112,18,18,1,1 LTR GOLD
IC PP King Alphonso 1 litre (3*6) (GOLD),ICPPKAG112,18,18,1,1 LTR GOLD
IC PP Vanilla Magic 1 lit(3*6)  (GOLD ),ICPPVNG117,18,18,1,1 LTR GOLD
IC PP Vanilla Magic 1 lit(3*6)  (GOLD ),ICPPVNG117,18,18,1,1 LTR GOLD
IC PP Vanilla Magic 1 lit(3*6)  (GOLD ),ICPPVNG117,18,18,1,1 LTR GOLD
IC PP Cookies  n Cream 1 litre (3x6) (GOLD),ICPPCCG111,18,18,1,1 LTR GOLD
IC PP Cookies  n Cream 1 litre (3x6) (GOLD)  ,ICPPCCG111,18,18,1,1 LTR GOLD
IC PP Cookies  n Cream 1 litre (3x6) (GOLD),ICPPCCG111,18,18,1,1 LTR GOLD
IC Combo Afghan Dry Fr. 750ml((1+1f)x19),ICCOADF01,28.5,19,1.5,750 ML
IC Combo Afghan Dry Fr. 750ml((1+1f)x19),ICCOADF01,28.5,19,1.5,750 ML
IC Combo Afghan Dry Fr. 750ml((1+1f)x19),ICCOADF01,28.5,19,1.5,750 ML
Amul IC CakeMagic DarkChoc. 750ml (1x12)  ,ICNVCDC28,28.5,19,1.5,750 ML
Amul IC CakeMagic DarkChoc. 750ml (1x12),ICNVCDC28,28.5,19,1.5,750 ML
Amul IC CakeMagic DarkChoc. 750ml (1x12),ICNVCDC28,28.5,19,1.5,750 ML
IC Combo Butter Scotch 750ml (1+1f)x19),ICCOBSC13,28.5,19,1.5,750 ML
IC Combo Butter Scotch 750ml (1+1f)x19),ICCOBSC13,28.5,19,1.5,750 ML
IC Combo Butter Scotch 750ml (1+1f)x19),ICCOBSC13,28.5,19,1.5,750 ML
IC Combo Butter Scotch 750ml (1+1f)x19),ICCOBSC13,28.5,19,1.5,750 ML
IC Combo Chocolate 750ml (1+1f)x19),ICCOCHO08,28.5,19,1.5,750 ML
IC Combo Chocolate 750ml (1+1f)x19),ICCOCHO08,28.5,19,1.5,750 ML
IC Combo Chocolate 750ml (1+1f)x19),ICCOCHO08,28.5,19,1.5,750 ML
IC Combo Al. Mango 750ml (1+1f)x19),ICCOAMA03,28.5,19,1.5,750 ML
IC Combo Al. Mango 750ml (1+1f)x19),ICCOAMA03,28.5,19,1.5,750 ML
IC Combo Al. Mango 750ml (1+1f)x19),ICCOAMA03,28.5,19,1.5,750 ML
IC Combo Strawberry 750ml (1+1f)x19),ICCOSTR25,28.5,19,1.5,750 ML
IC Combo Strawberry 750ml (1+1f)x19),ICCOSTR25,28.5,19,1.5,750 ML
IC Combo Strawberry 750ml (1+1f)x19),ICCOSTR25,28.5,19,1.5,750 ML
IC Combo Fresh Pineapple 750ml (1+1f)x19),ICCOFPI12,28.5,19,1.5,750 ML
IC Combo Fruit Bonanza 750ml (1+1f)x19),ICCOFBO04,28.5,19,1.5,750 ML
IC Combo Rajbhog 750ml (1+1f)x19),ICCORAJ01,28.5,19,1.5,750 ML
IC Combo Rajbhog 750ml (1+1f)x19),ICCORAJ01,28.5,19,1.5,750 ML
IC Combo Choco chips 750ml (1+1f)x19),ICCOCCH26,28.5,19,1.5,750 ML
IC Combo Choco chips 750ml (1+1f)x19),ICCOCCH26,28.5,19,1.5,750 ML
IC Combo Choco chips 750ml (1+1f)x19),ICCOCCH26,28.5,19,1.5,750 ML
IC Combo Vanilla 750ml (1+1f)x19),ICCOVAN21,28.5,19,1.5,750 ML
IC Combo Vanilla 750ml (1+1f)x19),ICCOVAN21,28.5,19,1.5,750 ML
IC Combo Vanilla 750ml (1+1f)x19),ICCOVAN21,28.5,19,1.5,750 ML
IC Combo Kesar Pista 750ml (1+1f)x19),ICCOKPI02,28.5,19,1.5,750 ML
IC Combo Kesar Pista 750ml (1+1f)x19),ICCOKPI02,28.5,19,1.5,750 ML
IC FP American Nut 750 ml (1x38),ICFPAMN30,28.5,38,0.75,750 ML - 38 EA OR 50% EXTRA
IC FP American Nut 750 ml (1x38),ICFPAMN30,28.5,38,0.75,750 ML - 38 EA OR 50% EXTRA
IC FP American Nut 750 ml (1x38),ICFPAMN30,28.5,38,0.75,750 ML - 38 EA OR 50% EXTRA
Amul FP Kaju Rabdi 750ml (1X38) (50% EXTRA),ICFPKRK52,28.5,38,0.75,750 ML - 38 EA OR 50% EXTRA
Amul FP Kaju Rabdi 750ml (1X38) (50% EXTRA),ICFPKRK52,28.5,38,0.75,750 ML - 38 EA OR 50% EXTRA
Amul FP Kaju Rabdi 750ml (1X38) (50% EXTRA),ICFPKRK52,28.5,38,0.75,750 ML - 38 EA OR 50% EXTRA
IC Combo Creamy Almond 750ml ((1+1f)x19),ICFPCAL40,28.5,38,0.75,750 ML - 38 EA OR 50% EXTRA
Amul FP Kaju Draksh 750ml (1X38) (50% EXTRA),ICFPKDR47,28.5,38,0.75,750 ML - 38 EA OR 50% EXTRA
Amul FP Kaju Draksh 750ml (1X38) (50% EXTRA),ICFPKDR47,28.5,38,0.75,750 ML - 38 EA OR 50% EXTRA
Amul IC FP BSC Gold 750ml(1X38),ICFPGBS49,28.5,38,0.75,750 ML - 38 EA OR 50% EXTRA
Amul IC FP BSC Gold 750ml(1X38),ICFPGBS49,28.5,38,0.75,750 ML - 38 EA OR 50% EXTRA
IC FP Cookies n Cr. 750ml (1X38) (50 % EXTRA),ICFPCCM46,28.5,38,0.75,750 ML - 38 EA OR 50% EXTRA
IC FP Cookies n Cr. 750ml (1X38) (50 % EXTRA),ICFPCCM46,28.5,38,0.75,750 ML - 38 EA OR 50% EXTRA
IC FP Cookies n Cr. 750ml (1X38) (50 % EXTRA),ICFPCCM46,28.5,38,0.75,750 ML - 38 EA OR 50% EXTRA
IC FP Black Currant 750ml (1X38) (50 % EXTRA),ICFPBCU41,28.5,38,0.75,750 ML - 38 EA OR 50% EXTRA
IC FP Black Currant 750ml (1X38) (50 % EXTRA),ICFPBCU41,28.5,38,0.75,750 ML - 38 EA OR 50% EXTRA
IC FP GREEN PISTA  750ml (1X38)(50 % EXTRA),ICFPGPI42,28.5,38,0.75,750 ML - 38 EA OR 50% EXTRA
IC FP GREEN PISTA  750ml (1X38) (50 % EXTRA),ICFPGPI42,28.5,38,0.75,750 ML - 38 EA OR 50% EXTRA
IC FP GREEN PISTA  750ml (1X38) (50 % EXTRA),ICFPGPI42,28.5,38,0.75,750 ML - 38 EA OR 50% EXTRA
IC FP Shahi Anjir 750ml (1X38) (50 % EXTRA),ICFPSAN38,28.5,38,0.75,750 ML - 38 EA OR 50% EXTRA
IC FP Shahi Anjir 750ml (1X38) (50 % EXTRA),ICCOSAN11,28.5,38,0.75,750 ML - 38 EA OR 50% EXTRA
IC FP SHALIMAR 750 ML (1X38) 50% EXTRA),ICFPSHM39,28.5,38,0.75,750 ML - 38 EA OR 50% EXTRA
IC FP SHALIMAR 750 ML (1X38) 50% EXTRA),ICFPSHM39,28.5,38,0.75,750 ML - 38 EA OR 50% EXTRA
Amul FP Kesar Pista 750ml (1X38) (50 % EXTRA),ICFPKPI44,28.5,38,0.75,750 ML - 38 EA OR 50% EXTRA
Amul FP Kesar Pista 750ml (1X38) (50 % EXTRA),ICFPKPI44,28.5,38,0.75,750 ML - 38 EA OR 50% EXTRA
IC Combo SSCB 750ml (1*38) (50 % EXTRA),ICFPSSC45,28.5,38,0.75,750 ML - 38 EA OR 50% EXTRA
IC Combo SSCB 750ml (1*38)  (50 % EXTRA),ICFPSSC45,28.5,38,0.75,750 ML - 38 EA OR 50% EXTRA
IC Gold Vanilla 750ml (1*38) (GOLD),ICFPGVN48,28.5,38,0.75,750 ML - 38 EA OR 50% EXTRA
IC Gold Vanilla 750ml (1*38) (GOLD),ICFPGVN48,28.5,38,0.75,750 ML - 38 EA OR 50% EXTRA
Amul FP Creamy Almond 750ml (1X38),ICFPCAL40,28.5,38,0.75,750 ML - 38 EA OR 50% EXTRA
Amul FP Creamy Almond 750ml (1X38),ICFPCAL40,28.5,38,0.75,750 ML - 38 EA OR 50% EXTRA
IC Combo Tutti Fruity 750ml (1X38)(50 % Extra),ICFPTFR43,28.5,38,0.75,750 ML - 38 EA OR 50% EXTRA
IC Combo Tutti Fruity 750ml (1X38)(50 % Extra),ICFPTFR43,28.5,38,0.75,750 ML - 38 EA OR 50% EXTRA
IC Combo Tutti Fruity 750ml (1X38)(50 % Extra),ICFPTFR43,28.5,38,0.75,750 ML - 38 EA OR 50% EXTRA
IC Combo Kaju Anjir 750ml (1X38)(50 % Extra),ICFPKAN37,28.5,38,0.75,750 ML - 38 EA OR 50% EXTRA
IC Combo Kaju Anjir 750ml (1X38)(50 % Extra),ICFPKAN37,28.5,38,0.75,750 ML - 38 EA OR 50% EXTRA
IC FP Butter Scotch 500ml (1x60),ICFPBSC04,30,60,0.5,500 ML  PP
IC FP Strawberry 500ml (1x60),ICFPSTR06,30,60,0.5,500 ML  PP
IC FP Vanilla 500ml (1x60),ICFPVAN02,30,60,0.5,500 ML  PP
IC PP Butter Scotch  tub 500ml (3x10),ICPPBSC84,15,30,0.5,500 ML TUB
IC PP Butter Scotch tub  500ml (3x10)   (SHRINATH),EXPORT,15,30,0.5,500 ML TUB
IC PP Butter Scotch tub  500ml (3x10) (SINGAPORE DIST PTE LTD),EXPORT,15,30,0.5,500 ML TUB
IC PP King Alphanso tub  500ml (3x10) ( MORGAN WITHOUT PACKING),EXPORT,15,30,0.5,500 ML TUB
IC PP King Alphanso tub  500ml (3x10) (AL TAYEB  ),EXPORT,15,30,0.5,500 ML TUB
 IC PP Strawberry tub 500ml (3X10),ICPPSTR83,15,30,0.5,500 ML TUB
IC PP Vanilla 500ml tub (3x10),ICPPVAN82 ,15,30,0.5,500 ML TUB
IC PP Vanilla 500ml tub (3x10) (NO PARTY NAME),EXPORT,15,30,0.5,500 ML TUB
IC FP CHOCO CHIPS 500 TUB(3x10) ( shrinath ),EXPORT,15,30,0.5,500 ML TUB
IC FP CHOCO CHIPS 500 TUB(3x10) ( OM  ),EXPORT,15,30,0.5,500 ML TUB
IC FP AL. MANGO 500 TUB (3 X 10)  ( ACME USA),EXPORT,15,30,0.5,500 ML TUB
IC FP AL. MANGO 500 TUB (3 X 10) (MURGAN),EXPORT,15,30,0.5,500 ML TUB
IC Crème Rich Caramel 500 ML (3x10) ,ICCRCRM04,15,30,0.5,500 ML TUB
IC Crème Rich Caramel 500 ML (3x10) ( QATAR ),EXPORT,15,30,0.5,500 ML TUB
IC Crème Rich Caramel 500 ML (3x10) ((WITHOUT NAME),EXPORT,15,30,0.5,500 ML TUB
 CREAM RICH CHOCOLATE FUDGE 500 ML (3x10)  (CARRERFOUR),EXPORT,15,30,0.5,500 ML TUB
 CREAM RICH CHOCOLATE FUDGE 500 ML (3x10)  (MAHI),EXPORT,15,30,0.5,500 ML TUB
IC Crème Rich Caramel Al Fudge  500 ML (3x10),ICCRCHF08,15,30,0.5,500 ML TUB
IC Crème Rich Caramel Al Fudge  500 ML (3x10)  (CARRERFOUR),EXPORT,15,30,0.5,500 ML TUB
IC Crème Rich Caramel Al Fudge  500 ML (3x11)  (SHAKTI),EXPORT,15,30,0.5,500 ML TUB
IC Sugar Free Shahi Anjir 500 ml Tub (3*10),ICSFANJ20,15,30,0.5,500 ML TUB
IC Sugar Free Shahi Anjir 500 ml Tub (3*10),ICSFANJ20,15,30,0.5,500 ML TUB
IC Sugar Free Vanilla with Chocolate 500 ml Tub (3*10),ICSFVAN21,15,30,0.5,500 ML TUB
IC Sugar Free Vanilla with Chocolate 500 ml Tub (3*10),ICSFVAN21,15,30,0.5,500 ML TUB
IC Crème Rich Caramel 125ml Cup (8*9),ICCRCRM01,9,72,0.125,125 ML CUP
IC Crème Rich Caramel 125ml Cup (8*9)  (WITHOUT PRINT),EXPORT,9,72,0.125,125 ML CUP
IC Crème Rich Caramel 125ml Cup (8*9)  (ACME USA),EXPORT,9,72,0.125,125 ML CUP
IC Crème Rich Caramel 125ml Cup (8*9),New code,9,72,0.125,125 ML CUP
Amul IC Jumbo Cup Cookies N Cream 125ml  Cup (8*9),ICCUCNC155,9,72,0.125,125 ML CUP
Amul IC Jumbo Cup Cookies N Cream 125ml  Cup (8*9),ICCUCNC155,9,72,0.125,125 ML CUP
IC Cup Golden Pearl 125 ml (8x9) ,ICCUGPL125,9,72,0.125,125 ML CUP
IC Cup Golden Pearl 125 ml (8x9)  UNITED TRADING USA,EXPORT,9,72,0.125,125 ML CUP
IC Cup Golden Pearl 125 ml (8x9)MIDWEST (USA),EXPORT,9,72,0.125,125 ML CUP
IC Cup Golden Pearl 125 ml (8x9) (SHRINAT),EXPORT,9,72,0.125,125 ML CUP
IC Cup Raj Bhog 125 ML (8*9),ICCURBJ124,9,72,0.125,125 ML CUP
IC Cup Raj Bhog 125 ML (8*9),ICCURBJ124,9,72,0.125,125 ML CUP
IC Cup Raj Bhog 125 ML (8*9),ICCURBJ124,9,72,0.125,125 ML CUP
IC Cup Raj Bhog 125 ML (8*9) ( OM TRADING ),EXPORT,9,72,0.125,125 ML CUP
IC Cup Raj Bhog 125 ML (8*9) (  ( MURUGAN),EXPORT,9,72,0.125,125 ML CUP
IC Cup Raj Bhog 125 ML (8*9) ( ( KALAN FOODS),EXPORT,9,72,0.125,125 ML CUP
IC Cup Chocolate Brownie 125 ml (8*9),ICCUCHB127,9,72,0.125,125 ML CUP
IC Cup Chocolate Brownie 125 ml (8*9),ICCUCHB127,9,72,0.125,125 ML CUP
IC Cup Chocolate Brownie 125 ml (8*9) (DUBAI),EXPORT,9,72,0.125,125 ML CUP
IC Cup Chocolate Brownie 125 ml (8*9)   ( CONGO),EXPORT,9,72,0.125,125 ML CUP
IC Butter Scotch 125 ML (8*9)    ( ACME ),EXPORT,9,72,0.125,125 ML CUP
IC Butter Scotch 125 ML (8*9)  ( OM TRADING ),EXPORT,9,72,0.125,125 ML CUP
IC Butter Scotch 125 ML (8*9)  ( SHRI MURUGAN),EXPORT,9,72,0.125,125 ML CUP
IC Butter Scotch 125 ML (8*9)  ,ICCUBSC132,9,72,0.125,125 ML CUP
IC Butter Scotch 125 ML (8*9)  ,ICCUBSC132,9,72,0.125,125 ML CUP
IC Butter Scotch 125 ML (8*9)    (  GOLD),ICCUGBSC158,9,72,0.125,125 ML CUP
IC Butter Scotch 125 ML (8*9)    (  GOLD),ICCUGBSC158,9,72,0.125,125 ML CUP
IC King Alphonso125 ML (8*9) ,ICCUKAL131,9,72,0.125,125 ML CUP
IC King Alphonso125 ML (8*9) ,ICCUKAL131,9,72,0.125,125 ML CUP
IC  King Alphonso125 ML (8*9) (KALAN FOOD ),EXPORT,9,72,0.125,125 ML CUP
IC  King Alphonso125 ML (8*9) (MURGAN ),EXPORT,9,72,0.125,125 ML CUP
IC Kaju Draksh 125 ML (8*9)  ( ACME ),EXPORT,9,72,0.125,125 ML CUP
IC Kaju Draksh 125 ML (8*9) ( ABS ),EXPORT,9,72,0.125,125 ML CUP
Amul IC Jumbo Cup Van Royale 125ml(8x9),ICCUVAN130,9,72,0.125,125 ML CUP
Amul IC Jumbo Cup Van Royale 125ml(8x9),ICCUVAN130,9,72,0.125,125 ML CUP
IC CUP Vanilla Royale 125ml (8x9) ( KALAN FOOD),EXPORT,9,72,0.125,125 ML CUP
IC CUP Vanilla Royale 125ml (8x9) ( MURGAN),EXPORT,9,72,0.125,125 ML CUP
IC CUP Kesar Pista 125ml (8x9) (SHRI MURGAN),EXPORT,9,72,0.125,125 ML CUP
IC CUP Kesar Pista 125ml (8x9) ( (ACME )  ,EXPORT,9,72,0.125,125 ML CUP
IC CUP Kesar Pista 125ml (8x9) ( (KALAN FOOD ),EXPORT,9,72,0.125,125 ML CUP
Amul IC Jumbo Ch. Chip Gold 125ml(8X9),ICCUGCC159,9,72,0.125,125 ML CUP
Amul IC Jumbo Ch. Chip Gold 125ml(8X9),ICCUGCC159,9,72,0.125,125 ML CUP
Amul IC Cup Choco Chips 125ml(8x9)  ( ACME ),EXPORT,9,72,0.125,125 ML CUP
IC Cup Afghan Dry Fruit 125 ml (8x9) (ACME),EXPORT,9,72,0.125,125 ML CUP
IC Cup Afghan Dry Fruit 125 ml (8x9) (SHRINATH),EXPORT,9,72,0.125,125 ML CUP
IC Cup Fruit N Nut F. 125 ML (8X9),ICCUFNF123,9,72,0.125,125 ML CUP
IC Cup Fruit N Nut F. 125 ML (8X9),ICCUFNF123,9,72,0.125,125 ML CUP
IC Cup Fruit N Nut F. 125 ML (8X9) (GOLD),ICCUGFN160,9,72,0.125,125 ML CUP
IC Fruit N Nut 125 ML (8*9)  ( Gold),ICCUGFN160,9,72,0.125,125 ML CUP
IC Fruit N Nut 125 ML (8*9)  ( Gold),ICCUGFN160,9,72,0.125,125 ML CUP
Frozen Yoghurt Wild Berry 125 (9x8),ICFYWLB08,9,72,0.125,125 ML CUP
Frozen Yoghurt Wild Berry 125 (9x8),ICFYWLB08,9,72,0.125,125 ML CUP
Frozen Yoghurt Mango  125 (9x8),ICFYMAN01,9,72,0.125,125 ML CUP
Frozen Yoghurt Mango  125 (9x8),ICFYMAN01,9,72,0.125,125 ML CUP
Frozen Yoghurt Strawberry  125 (9x8),ICFYSTR02,9,72,0.125,125 ML CUP
Frozen Yoghurt Strawberry  125 (9x8),ICFYSTR02,9,72,0.125,125 ML CUP
IC  Shahi Anjir 125ml (9x8)  ( AGRIFRESH ),EXPORT,9,72,0.125,125 ML CUP
IC  Shahi Anjir 125ml (9x8) ,ICCUSAN137,9,72,0.125,125 ML CUP
IC  Shahi Anjir 125ml (9x8) ,ICCUSAN137,9,72,0.125,125 ML CUP
IC Sundae Chocolate 125 ml (8x9),ICSUCHO48,9,72,0.125,125 ML CUP
IC Sundae Chocolate 125 ml (8x9),New code,9,72,0.125,125 ML CUP
IC Sugar Free Shahi Anjir 125ml (9x8),ICSFANJ21,9,72,0.125,125 ML CUP
IC Sugar Free Shahi Anjir 125ml (9x8),ICSFANJ21,9,72,0.125,125 ML CUP
IC Vanilla 125ml (9x8) (BABASONS),EXPORT,9,72,0.125,125 ML CUP
IC Vanilla 125ml (9x8)  (MUSTAFA),EXPORT,9,72,0.125,125 ML CUP
IC Sugar Free Vanilla with Chocolate 125ml (9x8),ICSFVAN19,9,72,0.125,125 ML CUP
IC Sugar Free Vanilla with Chocolate 125ml (9x8),ICSFVAN19,9,72,0.125,125 ML CUP
Amul IC Sugar Free Vanilla 125ml (8x9),ICSFVAN31,9,72,0.125,125 ML CUP
IC Sugar Free BELGIAN DRAK  Chocolate 125ml (9x8),ICSFBCH25,9,72,0.125,125 ML CUP
IC Sugar Free BELGIAN DRAK  Chocolate 125ml (9x8),ICSFBCH25,9,72,0.125,125 ML CUP
IC Lactose Free Vanilla 125ml Cup (9x8),ICHSLFV01,9,72,0.125,125 ML CUP
IC Lactose Free Vanilla 125ml Cup (9x8),ICHSLFV01,9,72,0.125,125 ML CUP
IC Crème Rich Al.Fudge 125ml Cup (8*9),ICCRALF02,9,72,0.125,125 ML CUP
IC Crème Rich Al.Fudge 125ml Cup (9*8) (DBA),EXPORT,9,72,0.125,125 ML CUP
IC Crème Rich Al.Fudge 125ml Cup (9*8) ( ACME) ),EXPORT,9,72,0.125,125 ML CUP
IC Crème Rich Al.Fudge 125ml Cup (9*8) ( shrinath ),EXPORT,9,72,0.125,125 ML CUP
IC Shahi Anjir 125ml Cup (9*8) ( Canada ),EXPORT,9,72,0.125,125 ML CUP
IC Shahi Anjir 125ml Cup (9*8) ,EXPORT,9,72,0.125,125 ML CUP
IC Sundae Chocolate 125 ml (8x6),ICSUCHO24,6,48,0.125,125 ML CUP
IC Sundae Chocolate 125 ml (8x6),ICSUCHO24,6,48,0.125,125 ML CUP
Amul IC Jumbo Cup King Alph. 125ml(8x9),ICCUKAL131,9,72,0.125,125 ML CUP
IC Sundae Mango 125 ml (8x6) ( CP BAHARIN ),EXPORT,6,48,0.125,125 ML CUP
IC Sundae Mango 125 ml (8x6),ICSUMAN25,6,48,0.125,125 ML CUP
IC Sundae Chocolate 125 ml (8x9),ICSUCHO48,9,72,0.125,125 ML CUP
IC Tricone Butter Scotch 120ml (20*6),ICTRBSC22,14.4,120,0.12,120 ML TRICONE
IC Tricone Butter Scotch 120ml (20*6),ICTRBSC22,14.4,120,0.12,120 ML TRICONE
IC Tricone Butter Scotch 120ml (20*6),ICTRBSC22,14.4,120,0.12,120 ML TRICONE
IC Tricone Butter Scotch 120ml (20*6)   (W-IPL),ICTRBSC22,14.4,120,0.12,120 ML TRICONE
IC Tricone Chocolate 120ml (20x6),ICTRCHO23,14.4,120,0.12,120 ML TRICONE
IC Tricone Chocolate 120ml (20x6),ICTRCHO23,14.4,120,0.12,120 ML TRICONE
IC Tricone Chocolate 120ml (20x6) ,ICTRCHO23,14.4,120,0.12,120 ML TRICONE
IC Tricone Chocolate 120ml (20x6) (SCIESL),EXPORT,14.4,120,0.12,120 ML TRICONE
IC Tricone  Dark Chocolate 120ml (20x6),ICTRDCH43,14.4,120,0.12,120 ML TRICONE
IC Tricone  Dark Chocolate 120ml (20x6),ICTRDCH43,14.4,120,0.12,120 ML TRICONE
IC Tricone  Dark Chocolate 120ml (20x6),ICTRDCH43,14.4,120,0.12,120 ML TRICONE
IC Tricone Two In One 120ml (20x6),ICTRTIO42,14.4,120,0.12,120 ML TRICONE
IC Tricone Two In One 120ml (20x6),ICTRTIO42,14.4,120,0.12,120 ML TRICONE
IC Tricone Belgian Chocolate 120ml (20x6),ICTRBCH45,14.4,120,0.12,120 ML TRICONE
IC Tricone Belgian Chocolate 120ml (20x6),ICTRBCH45,14.4,120,0.12,120 ML TRICONE
IC Tricone Belgian Chocolate 120ml (20x6),ICTRBCH45,14.4,120,0.12,120 ML TRICONE
IC Tricone Belgian Chocolate 120ml (20x6)-( TCSL ),EXPORT,14.4,120,0.12,120 ML TRICONE
IC Tricone Black Current 120ml (20x6),ICTRBCU37,14.4,120,0.12,120 ML TRICONE
IC Tricone Black Current 120ml (20x6),ICTRBCU37,14.4,120,0.12,120 ML TRICONE
IC Tricone  PARLINE N  CREAM 120ml (20x6),ICTRPNC73,14.4,120,0.12,120 ML TRICONE
IC Tricone  PARLINE N  CREAM 120ml (20x6),ICTRPNC73,14.4,120,0.12,120 ML TRICONE
IC Tricone Choco Vanilla 120ml (20 x6),ICTRVAN36,14.4,120,0.12,120 ML TRICONE
IC Tricone Choco Vanilla 120ml (20 x6),ICTRVAN36,14.4,120,0.12,120 ML TRICONE
IC Tricone Choco Vanilla 120ml (20 x6),ICTEVAN36,14.4,120,0.12,120 ML TRICONE
IC Tricone Double Chocolate 120ml (20 x6),ICTRDBC59,14.4,120,0.12,120 ML TRICONE
IC Tricone Double Chocolate 120ml (20 x6),ICTRDBC59,14.4,120,0.12,120 ML TRICONE
IC Tricone Vanilla 120ml (20 x6)(SCIESL),EXPORT,14.4,120,0.12,120 ML TRICONE
IC Tricone Pista Badam 120ml (20x6),ICTRPBD30,14.4,120,0.12,120 ML TRICONE
IC Tricone  Cookies n Cream120ml (20x6),ICTRCNC44,14.4,120,0.12,120 ML TRICONE
IC Tricone  Cookies n Cream120ml (20x6),ICTRCNC44,14.4,120,0.12,120 ML TRICONE
IC Tricone Choco Caramel 120ml (20x6),ICTRCNC44,14.4,120,0.12,120 ML TRICONE
IC Tricone Pista Badam 120ml (20x6),ICTRPBD30,14.4,120,0.12,120 ML TRICONE
IC Tricone Kesar Pista 120ml (20X6),ICTRKPI31,14.4,120,0.12,120 ML TRICONE
IC Tricone Kesar Pista 120ml (20X6),ICTRKPI31,14.4,120,0.12,120 ML TRICONE
IC Tricone Butter Scotch 100ml (20*6),ICTRBSC24,12,120,0.1,100 ML TRI CONE
IC Tricone Butter Scotch 100ml (20*6),ICTRBSC24,12,120,0.1,100 ML TRI CONE
IC Tricone Chocolate 100ml (20*6),ICTRCHO25,12,120,0.1,100 ML TRI CONE
IC Tricone Chocolate 100ml (20*6),ICTRCHO25,12,120,0.1,100 ML TRI CONE
IC Tricone Vanilla 100ml (20*6),ICTRVAN47,12,120,0.1,100 ML TRI CONE
IC Tricone Vanilla 100ml (20*6),ICTRVAN47,12,120,0.1,100 ML TRI CONE
IC Cup Afghan Dry Fruit 100ml (16x9),ICCUADF94,14.4,144,0.1,100 ML CUP
IC Cup Afghan Dry Fruit 100ml (16x9),ICCUADF94,14.4,144,0.1,100 ML CUP
IC Cup Kis miss Kaju 100ml (16x9),ICCUKMK97,14.4,144,0.1,100 ML CUP
IC Cup American Nuts 100 ML (16*9),ICCUAMN93,14.4,144,0.1,100 ML CUP
IC Cup American Nuts 100 ML (16*9),ICCUAMN93,14.4,144,0.1,100 ML CUP
IC Cup Raj Bhog 100 ML (16*9),ICCURBJ99,14.4,144,0.1,100 ML CUP
IC Cup Al. Mango 100ml (16x9),ICCUAMA106,14.4,144,0.1,100 ML CUP
IC Cup Al. Mango 100ml (16x9),ICCUAMA106,14.4,144,0.1,100 ML CUP
IC Cup Butter Scotch 100ml (16x9),ICCUBSC95,14.4,144,0.1,100 ML CUP
IC Cup Butter Scotch 100ml (16x9),ICCUBSC95,14.4,144,0.1,100 ML CUP
IC Cup Butter Scotch 100ml (16x9),ICCUBSC95,14.4,144,0.1,100 ML CUP
IC Cup Nolen Gur 100ml (16x9),ICCUNLG116,14.4,144,0.1,100 ML CUP
IC Cup Chocolate 100ml (16x9),ICCUCHO107,14.4,144,0.1,100 ML CUP
IC Cup Chocolate 100ml (16x9),ICCUCHO107,14.4,144,0.1,100 ML CUP
Amul IC cup Tutti Fruity 100ml (16x9),ICCUTFR97,14.4,144,0.1,100 ML CUP
Amul IC cup Tutti Fruity 100ml (16x9),New code,14.4,144,0.1,100 ML CUP
IC Cup Kesar Pista 100ml (16x9),ICCUKPI98,14.4,144,0.1,100 ML CUP
IC Cup Kesar Pista 100ml (16x9),ICCUKPI98,14.4,144,0.1,100 ML CUP
IC Cup Zafrani Badam Pista 100ml (16x9),ICCUZBP92,14.4,144,0.1,100 ML CUP
IC Cup Zafrani Badam Pista 100ml (16x9),ICCUZBP92,14.4,144,0.1,100 ML CUP
IC Cup  Kaju Draksh 100ml (16x9 ),ICCUKDR96,14.4,144,0.1,100 ML CUP
IC Cup  Kaju Draksh 100ml (16x9 ),ICCUKDR96,14.4,144,0.1,100 ML CUP
IC Cup  Strawberry 100ml (16x9 ),ICCUSTR102,14.4,144,0.1,100 ML CUP
Amul IC Cup Vanilla 100ml (16x9),ICCUVAN101,14.4,144,0.1,100 ML CUP
Amul IC Cup Vanilla 100ml (16x9),ICCUVAN101,14.4,144,0.1,100 ML CUP
Amul IC Cup Vanilla 100ml (16x9),ICCUVAN101,14.4,144,0.1,100 ML CUP
Amul IC Cup Vanilla 100ml (16x9),ICCUVAN101,14.4,144,0.1,100 ML CUP
IC Cup Choco chips   100ml (12x8),ICCUCCH49,9.6,96,0.1,100 ML CUP
IC Cup Choco chips   100ml (12x8 ),ICCUCCH49,9.6,96,0.1,100 ML CUP
IC Cup Cookies N Cream   100ml (8x12 ),ICCUCNC66,9.6,96,0.1,100 ML CUP
IC Cup Cookies N Cream   100ml ( 8x12 ),ICCUCNC66,9.6,96,0.1,100 ML CUP
IC Sandwich Vanilla 100ml (10x12),ICNVSDV20,12,120,0.1,100 ML CUP
Amul IC Sandwich Ch Br Gold 80ml (10x12),ICNVGSV95,9.6,120,0.08,80 ML
IC Sandwich Vanilla 80ml (10x12),ICNVSDV23,9.6,120,0.08,80 ML
IC Asli Aam 80ml (20x6) (GOLD),ICEXGSM26,9.6,120,0.08,80 ML
IC Asli Aam 80ml (20x6),ICEXSAM15,9.6,120,0.08,80 ML
IC Asli Aam 80ml (20x6),ICEXSAM15,9.6,120,0.08,80 ML
IC Asli Cola 80ml (20x6),ICEXACO28,9.6,120,0.08,80 ML
IC Asli Cola 80ml (20x6),ICEXACO28,9.6,120,0.08,80 ML
Amul IC Epic Str Twist 80ml (16x6),ICEXSTV05,7.68,96,0.08,80 ML
IC STK EPIC Strawberry  TWIST 80 ML (10X9)Gold,ICEXGST28,7.2,90,0.08,80 ML
IC STK EPIC Strawberry  TWIST 80 ML (16X6) ( CARREFOUR),EXPORT,7.68,96,0.08,80 ML
IC Epic Choco  Truffle 80ml (16x6),ICEXCHT20,7.68,96,0.08,80 ML
IC Epic Choco  Truffle 80ml (16x6),ICEXCHT20,7.68,96,0.08,80 ML
IC Epic Choco  Truffle 80ml (16x6) (WITHOUT  BOX PACKING),ICEXCHT20,7.68,96,0.08,80 ML
IC Epic Peru Amazon 80ml (16x6),ICEXPER10,7.68,96,0.08,80 ML
IC Epic VENEZUELA EBONY 80ml (16x6),ICEXVEN11,7.68,96,0.08,80 ML
IC Epic VENEZUELA EBONY 80ml (16x6),ICEXVEN11,7.68,96,0.08,80 ML
IC Epic VENEZUELA EBONY 80ml (16x6),ICEXVEN11,7.68,96,0.08,80 ML
IC STK EPIC Choco CAPPUCCINO 80 ML (16X6)  ( ANGOLA ),EXPORT,7.68,96,0.08,80 ML
IC STK EPIC Choco CAPPUCCINO 80 ML (16X6)  (  SCIESL ),EXPORT,7.68,96,0.08,80 ML
IC STK EPIC Choco CAPPUCCINO 80 ML (16X6),ICEXCAP07,7.68,96,0.08,80 ML
IC STK EPIC ALPHONSO 80 ML (16X6),ICEXALG08,7.68,96,0.08,80 ML
IC STK EPIC ALPHONSO 80 ML (16X6),ICEXALG08,7.68,96,0.08,80 ML
IC STK EPIC ALPHONSO 80 ML (16X6)-,EXPORT,7.68,96,0.08,80 ML
IC STK EPIC ALPHONSO 80 ML (16X6)-(CHOITHRAM),EXPORT,7.68,96,0.08,80 ML
IC STK EPIC Choco CAPPUCCINO 80 ML (16X6),ICEXCAP07,7.68,96,0.08,80 ML
Amul IC Epic Tanzania Noir 80ml (16x6),ICEXTAN12,7.68,96,0.08,80 ML
IC Epic Choco Almond 80ml (16x6)  ,ICEXCHA06,7.68,96,0.08,80 ML
IC Epic Choco Almond 80ml (16x6)  ,ICEXCHA06,7.68,96,0.08,80 ML
IC Epic Choco Almond 80ml (10x9)GOLD,ICEXGAL27,7.2,90,0.08,80 ML
IC Epic Choco Almond 80ml (16x6) -(  AL TAYEB ),EXPORT,7.68,96,0.08,80 ML
IC Epic Choco Almond 80ml (16x6) (TCSL),EXPORT,7.68,96,0.08,80 ML
IC Epic Choco Almond 80ml (16x6) (WITHOUT PARTY NAME),EXPORT,7.68,96,0.08,80 ML
IC Epic Choco Almond 80ml (16x6) (  ( MAURITIUS),EXPORT,7.68,96,0.08,80 ML
Cookies  Sub 80 ml (12X12),ICNVCKS22,11.52,144,0.08,80 ML
Cookies  Sub 80 ml (12X12) ,ICNVCKS22,11.52,144,0.08,80 ML
IC STK Frostik 70 ml (20x8)  (GOLD),ICSTGFR104,11.2,160,0.07,70 ML CANDY
IC STK Frostik 70 ml (20x8),ICSTFRS53,11.2,160,0.07,70 ML CANDY
Amul IC STK Dark Frostik 70ml(20x8),ICSTDFR106,11.2,160,0.07,70 ML CANDY
IC STK Frostik 70 ml (20x8)   ( SRI NURUGAN ),EXPORT,11.2,160,0.07,70 ML CANDY
IC STK Frostik 70 ml (20x8)  ( QATAR ),EXPORT,11.2,160,0.07,70 ML CANDY
IC STK Frostik 70 ml (20x8) ( AGRIFRESH ),EXPORT,11.2,160,0.07,70 ML CANDY
IC STK Frostik 70 ml (20x8)  ( (KALON FOOD ),EXPORT,11.2,160,0.07,70 ML CANDY
IC Tricone Choco Vanilla 70ml (20 x6),ICTRVAN54,8.4,120,0.07,70 ML TRI CONE
IC Tricone Choco Vanilla 70ml (20 x6),ICTRVAN54,8.4,120,0.07,70 ML TRI CONE
Amul IC Tricone Mango 70ml(20x6),ICTRMAN56,8.4,120,0.07,70 ML TRI CONE
Amul IC Tricone Mango 70ml(20x6),ICTRMAN56,8.4,120,0.07,70 ML TRI CONE
Amul IC Tricone Kulfi 70ml(20x6),ICTRKUL57,8.4,120,0.07,70 ML TRI CONE
Amul IC Tricone Kulfi 70ml(20x6),ICTRKUL57,8.4,120,0.07,70 ML TRI CONE
IC Cup Vanilla 65ml (16x9),ICCUVAN108,9.36,144,0.065,65 ML  CUP
IC Cup Vanilla 65ml (16x9),ICCUVAN108,9.36,144,0.065,65 ML  CUP
IC Cup Strawberry 65ml (16x9),ICCUSTR109,9.36,144,0.065,65 ML  CUP
IC Cup Strawberry 65ml (16x9),ICCUSTR109,9.36,144,0.065,65 ML  CUP
IC Cup  Green Pista 65ml (16x9),ICCUGPI110,9.36,144,0.065,65 ML  CUP
IC Cup  Green Pista 65ml (16x9),ICCUGPI110,9.36,144,0.065,65 ML  CUP
IC Cup  Green Pista 65ml (16x9),ICCUGPI110,9.36,144,0.065,65 ML  CUP
Amul IC STK Coffee Bar 60 ml (20x8),ICSTCFB103,9.6,160,0.06,60 ML CANDY
IC STK Prolife Chocobar 60ml (20x8) ,ICPBCHB17,9.6,160,0.06,60 ML CANDY
Amul IC STK Dark Chocobar60ml(20x8),ICSTDCH107,9.6,160,0.06,60 ML CANDY
IC STK Prolife Chocobar 60ml (20x8) (QATAR )  ,EXPORT,9.6,160,0.06,60 ML CANDY
IC STK Prolife Chocobar 60ml (20x8) ( ABS )  ,EXPORT,9.6,160,0.06,60 ML CANDY
IC STK Prolife Chocobar 60ml (20x8) ( MAURITIUS )  ,EXPORT,9.6,160,0.06,60 ML CANDY
IC STK Prolife Chocobar 60ml (20x8) ( NBK )  ,EXPORT,9.6,160,0.06,60 ML CANDY
Amul IC STK Gold Pro Chocobar 60ml(20x8),ICPBGCB23,9.6,160,0.06,60 ML CANDY
Amul IC STK Dark Chocobar60ml(20x8),ICSTDCH107,9.6,160,0.06,60 ML CANDY
IC STK Ch. Cracklers Fam Fun 60ml (5x6),ICSTCCK49,1.8,30,0.06,60 ML CANDY
IC STK Ch. Cracklers Fam Fun 60ml (5x6),ICSTCCK49,1.8,30,0.06,60 ML CANDY
IC STK Koolfi Mawa Malai 60ml (20x8),ICSTKOM62,9.6,160,0.06,60 ML CANDY
IC STK Koolfi Mawa Malai 60ml (20x8),ICSTKOM62,9.6,160,0.06,60 ML CANDY
Amul IC STK AamRas Kulfi 60ml(20x8),ICSTARK108,9.6,160,0.06,60 ML CANDY
IC STK KathIawadi Koolfi 60ml (20x8) ,ICSTKTH83,9.6,160,0.06,60 ML CANDY
IC STK KathIawadi Koolfi 60ml (20x8)  (AGRIFRESH),EXPORT,9.6,160,0.06,60 ML CANDY
IC STK KathIawadi Koolfi 60ml (20x8)  (DUBAI),EXPORT,9.6,160,0.06,60 ML CANDY
IC STK KathIawadi Koolfi 60ml (20x8)  (QATAR),EXPORT,9.6,160,0.06,60 ML CANDY
IC STK PISTA  Malai Koolfi 60ml (20x8)   ,ICSTKOS59,9.6,160,0.06,60 ML CANDY
IC STK PISTA  Malai Koolfi 60ml (20x8)   ,ICSTKOS59,9.6,160,0.06,60 ML CANDY
IC STK PISTA  Malai Koolfi 60ml (20x8) ( TCSL ),EXPORT,9.6,160,0.06,60 ML CANDY
IC STK PISTA  Malai Koolfi 60ml (20x8)   ( AGRIFRESH ),EXPORT,9.6,160,0.06,60 ML CANDY
IC STK PISTA  Malai Koolfi 60ml (20x8)   ( CARRERFOUR ),EXPORT,9.6,160,0.06,60 ML CANDY
IC STK PISTA  Malai Koolfi 60ml (20x8)   ( CONGO WITHOUT NAME),EXPORT,9.6,160,0.06,60 ML CANDY
IC STK PISTA  Malai Koolfi 60ml (20x8)   (QATAR),EXPORT,9.6,160,0.06,60 ML CANDY
IC STK  Sugar Free  Panjabi Koolfi 60ml (20x8),ICSFPME30,9.6,160,0.06,60 ML CANDY
IC STK  Sugar Free  Panjabi Koolfi 60ml (20x8),ICSFPME30,9.6,160,0.06,60 ML CANDY
IC STK Panjabi Koolfi 60ml (20x8) (GOLD),ICSTGPK104,9.6,160,0.06,60 ML CANDY
IC STK Panjabi Koolfi 60ml (20x8),ICSTPME69,9.6,160,0.06,60 ML CANDY
IC STK Panjabi Koolfi 60ml (20x8)   ,ICSTPME69,9.6,160,0.06,60 ML CANDY
IC STK Panjabi Koolfi 60ml (20x8)  ( MAURITIUS),EXPORT,9.6,160,0.06,60 ML CANDY
IC STK Panjabi Koolfi 60ml (20x9)  ( CP DUBAI),EXPORT,9.6,160,0.06,60 ML CANDY
IC STK Panjabi Koolfi 60ml (20x8)  (MURGAN),EXPORT,9.6,160,0.06,60 ML CANDY
IC STK Panjabi Koolfi 60ml (20x8)  (C P BAHARAIN),EXPORT,9.6,160,0.06,60 ML CANDY
IC STK Panjabi Koolfi 60ml (20x8)  (KALON),EXPORT,9.6,160,0.06,60 ML CANDY
IC STK Panjabi Koolfi 60ml (20x8)  (MUSTAFA),EXPORT,9.6,160,0.06,60 ML CANDY
IC STK Koolfi Raj Bhog 60ml (20x8),ICSTKRB64,9.6,160,0.06,60 ML CANDY
IC STK Koolfi Raj Bhog 60ml (20x8),ICSTKRB64,9.6,160,0.06,60 ML CANDY
IC STK Koolfi Raj Bhog 60ml (20x8) (OM ),EXPORT,9.6,160,0.06,60 ML CANDY
IC STK Koolfi Raj Bhog 60ml (20x8)   (,EXPORT,9.6,160,0.06,60 ML CANDY
IC STK Koolfi Raj Bhog 60ml (20x8) (  QATAR),EXPORT,9.6,160,0.06,60 ML CANDY
IC STK Koolfi Raj Bhog 60ml (20x8) (MUSTAFA),EXPORT,9.6,160,0.06,60 ML CANDY
IC STK Koolfi Raj Bhog 60ml (20x8) (TCSL),EXPORT,9.6,160,0.06,60 ML CANDY
IC STK Ratnagiri Kulfi 60ml (20x8),ICSTRTM75,9.6,160,0.06,60 ML CANDY
Amul IC Stk Kulfi Badshahi 60ml (20x8),ICSTKBD68,9.6,160,0.06,60 ML CANDY
Amul IC Stk Kulfi Badshahi 60ml (20x8),ICSTKBD68,9.6,160,0.06,60 ML CANDY
IC STK Ratnagiri Kulfi 60ml (20x8) (CP DUBAI),EXPORT,9.6,160,0.06,60 ML CANDY
IC STK Ratnagiri Kulfi 60ml (20x8) (OM),EXPORT,9.6,160,0.06,60 ML CANDY
IC STK Ratnagiri Kulfi 60ml (20x8) (QATAR),EXPORT,9.6,160,0.06,60 ML CANDY
IC STK Ratnagiri Kulfi 60ml (20x8) (HARMONY),EXPORT,9.6,160,0.06,60 ML CANDY
IC STK Kashmiri Kulfi 60ml (20x8) ,ICSTKMK77,9.6,160,0.06,60 ML CANDY
IC STK Kashmiri Kulfi 60ml (20x8)   (WITHOUT PARTY NAME),EXPORT,9.6,160,0.06,60 ML CANDY
IC STK Kashmiri Kulfi 60ml (20x8) ((CP DUBAI)),EXPORT,9.6,160,0.06,60 ML CANDY
IC STK Kashmiri Kulfi 60ml (20x8)  (AL TAYEB),EXPORT,9.6,160,0.06,60 ML CANDY
IC STK Kashmiri Kulfi 60ml (20x8)( AGRIFRESH),EXPORT,9.6,160,0.06,60 ML CANDY
IC STK Kashmiri Kulfi 60ml (20x8)  (TAYEB),EXPORT,9.6,160,0.06,60 ML CANDY
IC STK Kashmiri Kulfi 60ml (20x8)   ( mustafa),EXPORT,9.6,160,0.06,60 ML CANDY
IC Immunity Chakari St Pis Pin 60ml (20x6),ICEXIMC25,7.2,120,0.06,60 ML CANDY
IC Immuno Chakra 60ml (20x6),ICEXIMC25,7.2,120,0.06,60 ML CANDY
IC Fundoo Chakri St Pis Pin 60ml (20x6),ICEXSGP18,7.2,120,0.06,60 ML CANDY
IC Fundoo Chakri St Pis Pin 60ml (20x6),ICEXSGP18,7.2,120,0.06,60 ML CANDY
IC STK Rajasthani  Koolfi 60ml (20x8),ICSTRJK78,9.6,160,0.06,60 ML CANDY
IC STK Rajasthani  Koolfi 60ml (20x8)  (WITHOUT PARTY NAME),EXPORT,9.6,160,0.06,60 ML CANDY
IC STK Rajasthani  Koolfi 60ml (20x8)  (AGRIFRESH) WITHOUT PACKING,EXPORT,9.6,160,0.06,60 ML CANDY
IC STK Rajasthani  Koolfi 60ml (20x8)  (BABASONS),EXPORT,9.6,160,0.06,60 ML CANDY
IC STK Rajasthani  Koolfi 60ml (20x8)  (QATAR)20 CRTAES WITHOUT PACKING,EXPORT,9.6,160,0.06,60 ML CANDY
IC STK Rajasthani  Koolfi 60ml (20x8)  (MUSTAFA),EXPORT,9.6,160,0.06,60 ML CANDY
IC STK Star Anise  Koolfi 60ml (20x8) ,ICSTSAK90,9.6,160,0.06,60 ML CANDY
IC STK CHOCO STIX KULFI 60ml (20x8),ICSTCHS76,9.6,160,0.06,60 ML CANDY
IC STK Cookie Bar 60ml (20x8),ICSTCKB73,9.6,160,0.06,60 ML CANDY
IC STK Cookie Bar 60ml (20x8),ICSTCKB73,9.6,160,0.06,60 ML CANDY
Amul IC Protein Bar Cola 60ml (20x6),ICHSPBO16,9.6,160,0.06,60 ML CANDY
Amul IC  Protein  Coffee Bar 60 ml (20x8),ICHSPBO16,9.6,160,0.06,60 ML CANDY
IC STK Catering Kewada Kulfi 60 ml (20x8),ICSTCKK80,9.6,160,0.06,60 ML CANDY
IC STK Catering Kewada Kulfi 60 ml (20x8),ICSTCKK80,9.6,160,0.06,60 ML CANDY
IC STK CATERING MALAI KULFI 60 ML (20*8),ICSTCKM79,9.6,160,0.06,60 ML CANDY
IC STK CATERING MALAI KULFI 60 ML (20*8),ICSTCKM79,9.6,160,0.06,60 ML CANDY
IC Chocoberg Caramel Rasp 60 ml (20x12),ICNVCHB26,9.6,160,0.06,60 ML CANDY
IC STK Mango Duetz 60ml (20x8)(GOLD),New code,9.6,160,0.06,60 ML CANDY
Amul IC STK Mango Duetz Gold 60ml(20X8),ICSTGMD105,9.6,160,0.06,60 ML CANDY
Amul IC Stk Duetz Mango 60ml (20x8),ICSTMDO55,9.6,160,0.06,60 ML CANDY
Amul IC Stk Duetz Mango 60ml (20x8),ICSTMDO55,9.6,160,0.06,60 ML CANDY
IC STK Mango Duetz 60ml (20x08)  (ABS),EXPORT,9.6,160,0.06,60 ML CANDY
IC STK Mango Duetz 60ml (20x08)  (HARMONY),EXPORT,9.6,160,0.06,60 ML CANDY
IC EPIC Sweet heart 60ml(20x6),ICEXSVVH19,7.2,120,0.06,60 ML CANDY
IC EPIC Sweet heart 60ml(20x6),ICEXSVVH19,7.2,120,0.06,60 ML CANDY
Amul IC  STK Khatta Mitha  Mango Duetz 60ml (20x8)  ,ICSTKMDO102,9.6,160,0.06,60 ML CANDY
Amul IC  STK Khatta Mitha  Mango Duetz 60ml (20x8)  ,ICSTKMD0102,9.6,160,0.06,60 ML CANDY
Amul IC  STK Khatta Mitha  Mango Duetz 60ml (20x8)  ,ICSTKMD0102,9.6,160,0.06,60 ML CANDY
Amul IC Stk Kulfi Badshahi 60ml (20x8),ICSTKBD68,9.6,160,0.06,60 ML CANDY
Amul IC Stk Kulfi Badshahi 60ml (20x8),ICSTKBD68,9.6,160,0.06,60 ML CANDY
IC STK Badshahi koolfi 60ml (20x8)  (AGRIFRESH),EXPORT,9.6,160,0.06,60 ML CANDY
IC STK Badshahi koolfi 60ml (20x8) (QATAR),EXPORT,9.6,160,0.06,60 ML CANDY
IC STK Badshahi koolfi 60ml (20x8)  (MAURITUS),EXPORT,9.6,160,0.06,60 ML CANDY
IC STK Badshahi koolfi 60ml (20x8)  ( DUBAI ),EXPORT,9.6,160,0.06,60 ML CANDY
IC STK Raspberry Duetz 60ml (20x8),ICSTRDO56,9.6,160,0.06,60 ML CANDY
IC STK Raspberry Duetz 60ml (20x8),ICSTRDO56,9.6,160,0.06,60 ML CANDY
Amul IC Fundoo Super Ms 60ml(20x8),ICEXMST21,9.6,160,0.06,60 ML CANDY
Amul IC Fundoo Curly B Str 60ml(20x8),ICEXBCS17,9.6,160,0.06,60 ML CANDY
IC Cup Strawberry 55ml (16x9),ICCUSTR154,7.92,144,0.055,55 ML CUP
IC Cup Strawberry 55ml (16x9),ICCUSTR154,7.92,144,0.055,55 ML CUP
IC Cup Vanilla 55ml (16x9),ICCUVAN152,7.92,144,0.055,55 ML CUP
IC Cup Vanilla 55ml (16x9),ICCUVAN152,7.92,144,0.055,55 ML CUP
IC Cup Vanilla 55ml (16x9),ICCUVAN152,7.92,144,0.055,55 ML CUP
IC STK Cola Ice-Lickz 50ml (20x8),ICSTCOL72,8,160,0.05,50 ML CANDY
IC STK Orange Ice-Lickz 50ml (20x8)  LOOSE PACKING DONE,ICSTORN70,8,160,0.05,50 ML CANDY
IC STK Orange Ice-Lickz 50ml (20x8),ICSTORN70,8,160,0.05,50 ML CANDY
IC STK Mango Ice-Lickz 50ml (20x8),ICSTMAN71,8,160,0.05,50 ML CANDY
IC STK Mango Ice-Lickz 50ml (20x8),ICSTMAN71,8,160,0.05,50 ML CANDY
IC STK Koolfi Rabri (Rural) 50ml (20x8),ICSTKOR66,8,160,0.05,50 ML CANDY
 IC STK Koolfi Rabri (Rural) 50ml (20x8),ICSTKOR66,8,160,0.05,50 ML CANDY
IC Tricone Butter Scotch 50ml (20x8),ICTRBSC09,8,160,0.05,50 ML TRICONE
IC Tricone Butter Scotch 50ml (20x8),ICTRBSC09,8,160,0.05,50 ML TRICONE
IC Tricone Chocolate 50ml (20x8),ICTRCHO10,8,160,0.05,50 ML TRICONE
IC Tricone Chocolate 50ml (20x8),ICTRCHO10,8,160,0.05,50 ML TRICONE
 IC STK Koolfi Rabri (Rural)   45ml (20x8),ICSTKOR87,7.2,160,0.045,45 ML CANDY
 IC STK Koolfi Rabri (Rural)   45ml (20x8),ICSTKOR87,7.2,160,0.045,45 ML CANDY
IC STK Frostik 40ml (20x14),ICSTFRS54,11.2,280,0.04,40 ML CANDY
IC STK Frostik 40ml (20x14),ICSTFRS54,11.2,280,0.04,40 ML CANDY
IC STK Prolife Chocobar 40ml (20x14),ICSTCHB61,11.2,280,0.04,40 ML CANDY
IC STK Prolife Chocobar 40ml (20x14),ICSTCHB61,11.2,280,0.04,40 ML CANDY
IC STK Nawabi kulfi 40ml (20x8),ICSTNWB86,6.4,160,0.04,40 ML CANDY
IC STK Nawabi kulfi 40ml (20x8),ICSTNWB86,6.4,160,0.04,40 ML CANDY
IC STK Nawabi kulfi 40ml (20x8) (SHRINATH),EXPORT,6.4,160,0.04,40 ML CANDY
IC STK Nawabi kulfi 40ml (20x8) (QATAR),EXPORT,6.4,160,0.04,40 ML CANDY
IC STK Nawabi kulfi 40ml (20x8)  (CP BAHRAIN),EXPORT,6.4,160,0.04,40 ML CANDY
IC STK Nawabi kulfi 40ml (20x8) ( CP DUBAI ),EXPORT,6.4,160,0.04,40 ML CANDY
Amul IC Tricone Van (Rural) 40ml (20x8),ICTRVAN35,6.4,160,0.04,40 ML TRI CONE
Amul IC Tricone Van (Rural) 40ml (20x8),ICTRVAN35,6.4,160,0.04,40 ML TRI CONE
Amul IC Tricone Van (Rural) 40ml (20x8),ICTRVAN35,6.4,160,0.04,40 ML TRI CONE
Amul IC Tricone Van (Rural) 40ml (20x8),ICTRVAN35,6.4,160,0.04,40 ML TRI CONE
Rajwadi kulfi 40ml (20x8)  (AGRIFRESH),EXPORT,6.4,160,0.04,40 ML Rajwadi CANDY
Rajwadi kulfi 40ml (20x8) ( BABASONS ),EXPORT,6.4,160,0.04,40 ML Rajwadi CANDY
Rajwadi kulfi 40ml (20x8) (WITHOUT NAME),EXPORT,6.4,160,0.04,40 ML Rajwadi CANDY
IC STK Rajwadi kulfi 40ml (20x8) ,ICSTRJW85,6.4,160,0.04,40 ML Rajwadi CANDY
IC STK Rajwadi kulfi 40ml (20x8),ICSTRJW85,6.4,160,0.04,40 ML Rajwadi CANDY
IC STK Rajwadi kulfi 40ml (20x8)  (QATAR ),EXPORT,6.4,160,0.04,40 ML Rajwadi CANDY
IC STK Rajwadi kulfi 40ml (20x8)  ( BABASONS  ),EXPORT,6.4,160,0.04,40 ML Rajwadi CANDY
IC STK Prolife Chocobar 30ml (20x14),ICSTCHB103,8.4,280,0.03,30 ML CANDY
IC Cup Vanilla 30ml (24x8),ICCUVAN112,5.76,192,0.03,30 ML CUP
IC Cup Vanilla 30ml (24x8),ICCUVAN112,5.76,192,0.03,30 ML CUP
IC Cup Strawberry 30ml (24x8),ICCUSTR113,5.76,192,0.03,30 ML CUP
IC Cup Strawberry 30ml (24x8),ICCUSTR113,5.76,192,0.03,30 ML CUP
